{
  "en": {
    "new_selection": "New Selection",
    "unselect_region": "Unselect Region",
    "translate_fullscreen": "Translate Full Screen",
    "clear": "Clear",
    "close": "Close",
    "display_group": "Display",
    "font_size_label": "Font Size (0=auto):",
    "history_font_color_label": "Translated Color:",
    "original_font_color_label": "Original Color:",
            "smart_overlay_checkbox": "Smart Overlay",
            "tts_checkbox": "Read translated text (TTS)",
            "auto_translate_group": "Auto Translate",
            "auto_translate_checkbox": "Translate periodically",
    "subtitle_mode_checkbox": "Subtitle mode",
    "interval_label": "Interval (s):",
    "preprocessing_group": "Image Preprocessing",
    "enable_preprocessing_checkbox": "Enable Preprocessing",
    "upscale_checkbox": "Upscale Image:",
    "binarize_checkbox": "Binarize Image (Black & White)",
    "config_group": "Configuration",
    "ocr_langs_label": "OCR Language:",
    "ocr_custom_checkbox": "Custom OCR Languages (comma-separated)",
    "translator_label": "Translator:",
    "openrouter_api_key_placeholder": "OpenRouter API Key",
    "openrouter_model_placeholder": "OpenRouter Model",
    "gemini_api_key_placeholder": "Gemini API Key",
    "gemini_model_placeholder": "Gemini Model",
    "custom_api_base_url_placeholder": "Custom API Base URL",
    "custom_api_key_placeholder": "Custom API Key (optional)",
    "custom_api_model_placeholder": "Custom API Model Name",
    "custom_prompt_group": "Custom Prompt",
    "use_custom_prompt_checkbox": "Use Custom Prompt",
    "custom_prompt_placeholder": "Use {dest_lang} and {text}.",
    "save_button": "Apply & Save Changes",
    "language_label": "Language:",
    "history_group": "History",
    "show_history_checkbox": "Show History",
    "click_through_checkbox": "Click Through",
    "translation_history_title": "Translation History",
    "original_text": "Original",
    "translated_text": "Translated",
    "footer_text": "© 2025 ViVuCloud, Contact us via: <a href='https://www.facebook.com/VivuCloud' style='color: #a0c4ff;'>https://www.facebook.com/VivuCloud</a>"
  },
  "vi": {
    "new_selection": "Vùng chọn mới",
    "unselect_region": "Hủy vùng chọn",
    "translate_fullscreen": "Dịch toàn màn hình",
    "clear": "Xóa",
    "close": "Đóng",
    "display_group": "Hiển thị",
    "font_size_label": "Cỡ chữ (0=tự động):",
    "history_font_color_label": "Màu chữ dịch:",
    "original_font_color_label": "Màu chữ gốc:",
            "smart_overlay_checkbox": "Lớp phủ thông minh",
            "tts_checkbox": "Đọc văn bản dịch (TTS)",
            "auto_translate_group": "Tự động dịch",
            "auto_translate_checkbox": "Dịch định kỳ",
    "subtitle_mode_checkbox": "Chế độ phụ đề",
    "interval_label": "Chu kỳ (giây):",
    "preprocessing_group": "Tiền xử lý ảnh",
    "enable_preprocessing_checkbox": "Bật tiền xử lý",
    "upscale_checkbox": "Phóng to ảnh:",
    "binarize_checkbox": "Nhị phân hóa ảnh (Đen & Trắng)",
    "config_group": "Cấu hình",
    "ocr_langs_label": "Ngôn ngữ OCR:",
    "ocr_custom_checkbox": "Tùy chỉnh ngôn ngữ OCR (phân tách bằng dấu phẩy)",
    "translator_label": "Dịch vụ:",
    "openrouter_api_key_placeholder": "Khóa API OpenRouter",
    "openrouter_model_placeholder": "Mô hình OpenRouter",
    "gemini_api_key_placeholder": "Khóa API Gemini",
    "gemini_model_placeholder": "Mô hình Gemini",
    "custom_api_base_url_placeholder": "URL API tùy chỉnh",
    "custom_api_key_placeholder": "Khóa API tùy chỉnh (tùy chọn)",
    "custom_api_model_placeholder": "Tên mô hình API tùy chỉnh",
    "custom_prompt_group": "Prompt tùy chỉnh",
    "use_custom_prompt_checkbox": "Sử dụng prompt tùy chỉnh",
    "custom_prompt_placeholder": "Sử dụng {dest_lang} và {text}.",
    "save_button": "Áp dụng & Lưu thay đổi",
    "language_label": "Ngôn ngữ:",
    "history_group": "Lịch sử",
    "show_history_checkbox": "Hiện lịch sử",
    "click_through_checkbox": "Nhấp xuyên qua",
    "translation_history_title": "Lịch sử dịch",
    "original_text": "Văn bản gốc",
    "translated_text": "Văn bản dịch",
    "footer_text": "© 2025 ViVuCloud, Liên hệ chúng tôi qua: <a href='https://www.facebook.com/VivuCloud' style='color: #a0c4ff;'>https://www.facebook.com/VivuCloud</a>"
  }
}
